{"schema_version":1,"name":"hack1","version":1,"event_type":"LOOT_STASH","anchor_yaw_deg":-83.9058837890625,"entity_prefabs":["{4A19D7D0682826F7}Prefabs/Carry/HFPlacementArrow.et","{D519253DBFCDF270}PrefabsEditable/Auto/Props/Military/Furniture/E_TableMilitary_US_02.et","{68F9742450E70B38}PrefabsEditable/Auto/Compositions/Misc/FreeRoamBuilding/E_CamoNetMedium_S_FIA_01.et","{44BC31EF4887470E}Prefabs/Props/HackKit.et","{4A19D7D0682826F7}Prefabs/Carry/HFPlacementArrow.et","{4A19D7D0682826F7}Prefabs/Carry/HFPlacementArrow.et","{4A19D7D0682826F7}Prefabs/Carry/HFPlacementArrow.et","{F22B50EC1A16D380}PrefabsEditable/Auto/Props/Military/Camps/E_PalletAmmo_01_US_camo.et","{F22B50EC1A16D380}PrefabsEditable/Auto/Props/Military/Camps/E_PalletAmmo_01_US_camo.et","{DDCC4099D0355C9F}PrefabsEditable/Auto/Props/Military/Sandbags/E_Sandbag_01_short_high_burlap.et","{4ED8BBC0E6679FBE}PrefabsEditable/Auto/Props/Military/Sandbags/E_Sandbag_01_end_high_burlap.et","{420E14DDFE57AF53}PrefabsEditable/Auto/Props/Military/Sandbags/E_Sandbag_01_end_burlap.et","{74B3C3B9AFC69136}PrefabsEditable/Auto/Props/Military/Sandbags/E_Sandbag_01_end_plastic.et","{3F5EE4D69DBC478C}PrefabsEditable/Auto/Props/Military/Sandbags/E_Sandbag_01_short_plastic.et","{3F5EE4D69DBC478C}PrefabsEditable/Auto/Props/Military/Sandbags/E_Sandbag_01_short_plastic.et"],"entity_offset_x":[0.0,0.07017147541046143,0.11530928313732147,0.18813088536262513,-2.883715867996216,4.019148826599121,-0.825598955154419,3.2725720405578615,1.8951988220214844,-0.724453330039978,2.530390739440918,-3.1360526084899904,-2.622706413269043,4.745949745178223,-5.342240333557129],"entity_offset_y":[0.0,-0.5,-0.5,0.4107475280761719,-0.5,-0.5,-0.5,-0.5,-0.5,-0.5,-0.5,-0.5,-0.5,-0.5,-0.5],"entity_offset_z":[0.0,3.190150260925293,2.293635606765747,3.200657606124878,0.8599741458892822,0.5762994289398193,6.635888576507568,4.97723388671875,6.119815349578857,-1.210581660270691,-1.4187076091766358,7.822851181030273,-0.7660367488861084,4.404952526092529,4.887234210968018],"entity_yaws":[0.0,175.99374389648438,175.99368286132813,179.13641357421876,-5.832710266113281,199.81353759765626,46.1580810546875,-85.47984313964844,-85.47984313964844,179.28353881835938,179.28353881835938,-61.392669677734378,202.03915405273438,87.99958801269531,-45.222930908203128],"item_ids":["anchor_1","prop_1","prop_2","hack_terminal_1","loot_marker_1","loot_marker_2","loot_marker_3","prop_3","prop_4","prop_5","prop_6","prop_7","prop_8","prop_9","prop_10"],"item_types":["ANCHOR","PROP","PROP","HACK_TERMINAL","LOOT_MARKER","LOOT_MARKER","LOOT_MARKER","PROP","PROP","PROP","PROP","PROP","PROP","PROP","PROP"]}