{"schema_version":1,"name":"outpost1","version":1,"event_type":"LOOT_STASH","anchor_yaw_deg":142.23219299316407,"entity_prefabs":["{4A19D7D0682826F7}Prefabs/Carry/HFPlacementArrow.et","{6E9DCCF936BF17B9}PrefabsEditable/Auto/Compositions/Slotted/SlotFlatSmall/E_MachineGunNest_S_US_02.et","{6E9DCCF936BF17B9}PrefabsEditable/Auto/Compositions/Slotted/SlotFlatSmall/E_MachineGunNest_S_US_02.et","{0CEFD2DFBCBB8C41}PrefabsEditable/Auto/Compositions/Slotted/SlotFlatSmall/E_SandbagPosition_S_US_04.et","{0CEFD2DFBCBB8C41}PrefabsEditable/Auto/Compositions/Slotted/SlotFlatSmall/E_SandbagPosition_S_US_04.et","{958039B857396B7B}Prefabs/Groups/BLUFOR/Group_US_MachineGunTeam.et","{958039B857396B7B}Prefabs/Groups/BLUFOR/Group_US_MachineGunTeam.et","{35681BE27C302FF5}Prefabs/Groups/BLUFOR/GreenBerets/Group_US_GreenBeret_SentryTeam.et","{6B2A6EE5002D200F}Prefabs/Groups/BLUFOR/Group_US_EngineerTeam.et","{64DFD0DDBB541626}PrefabsEditable/Auto/Props/Civilian/E_LogChopping_01.et","{4A19D7D0682826F7}Prefabs/Carry/HFPlacementArrow.et","{4A19D7D0682826F7}Prefabs/Carry/HFPlacementArrow.et","{4A19D7D0682826F7}Prefabs/Carry/HFPlacementArrow.et","{4A19D7D0682826F7}Prefabs/Carry/HFPlacementArrow.et","{DD774A8FD0989A78}Prefabs/Vehicles/Wheeled/M998/M1025_armed_M2HB_MERDC.et","{4A19D7D0682826F7}Prefabs/Carry/HFPlacementArrow.et","{4A19D7D0682826F7}Prefabs/Carry/HFPlacementArrow.et"],"entity_offset_x":[0.0,-0.105014368891716,-0.8069972991943359,4.635776996612549,-5.96061897277832,-2.5174560546875,1.3160529136657715,0.9815388917922974,-4.541103363037109,0.22660553455352784,5.092288970947266,-0.4585442543029785,-6.1181230545043949,-0.4370935261249542,8.809121131896973,-12.825281143188477,0.0805196762084961],"entity_offset_y":[0.0,-0.5,-0.5,-0.5,-0.5,-0.4624519348144531,-0.4728126525878906,-0.4624519348144531,-0.4624519348144531,-0.5,-0.5,-0.5,-0.5,-0.5,-0.5256385803222656,-0.5069427490234375,-0.5499992370605469],"entity_offset_z":[0.0,0.34140923619270327,10.306563377380371,4.764365196228027,5.812772750854492,7.571116924285889,1.1200170516967774,4.385474681854248,2.3045992851257326,3.6933135986328127,3.9081807136535646,9.027288436889649,7.394707679748535,1.2009422779083253,9.51485824584961,4.594390869140625,17.0839900970459],"entity_yaws":[0.0,-180.94178771972657,-3.460205078125,-267.53228759765627,-96.09794616699219,-32.029212951660159,-211.39013671875,-31.391563415527345,-113.8558578491211,-188.62957763671876,-179.51300048828126,-91.30452728271485,-312.9154357910156,-182.02854919433595,-215.40313720703126,-295.15069580078127,22.744705200195314],"item_ids":["anchor_1","prop_1","prop_2","prop_3","prop_4","ai_group_1","ai_group_2","ai_group_3","ai_group_4","prop_5","loot_marker_1","loot_marker_2","loot_marker_3","loot_marker_4","prop_6","vehicle_marker_1","vehicle_marker_2"],"item_types":["ANCHOR","PROP","PROP","PROP","PROP","AI_GROUP","AI_GROUP","AI_GROUP","AI_GROUP","PROP","LOOT_MARKER","LOOT_MARKER","LOOT_MARKER","LOOT_MARKER","PROP","VEHICLE_MARKER","VEHICLE_MARKER"]}